{
    "MlibObjs": {},
    "stat": {
        "ru_self_cgstart": {
            "ru_nivcsw": 237,
            "ru_utime_sec": 0.20546900000000001,
            "ru_nvcsw": 311,
            "ru_majflt": 0,
            "ru_maxrss_kb": 65992,
            "ru_stime_sec": 0.067843000000000001,
            "ru_minflt": 16477
        },
        "Frontend(%)": 64.019006075712724,
        "ru_childs_cgstart": {
            "ru_nivcsw": 8,
            "ru_utime_sec": 0.0041999999999999997,
            "ru_nvcsw": 19,
            "ru_majflt": 0,
            "ru_maxrss_kb": 17732,
            "ru_stime_sec": 0.030428,
            "ru_minflt": 2173
        },
        "mopSpeed": 211749.11890267662,
        "nMops": 24453,
        "nQuads": 9718,
        "ru_childs_end": {
            "ru_nivcsw": 10,
            "ru_utime_sec": 0.0063680000000000004,
            "ru_nvcsw": 24,
            "ru_majflt": 0,
            "ru_maxrss_kb": 24176,
            "ru_stime_sec": 0.041265000000000003,
            "ru_minflt": 2767
        },
        "ru_self_end": {
            "ru_nivcsw": 245,
            "ru_utime_sec": 0.32095000000000001,
            "ru_nvcsw": 416,
            "ru_majflt": 0,
            "ru_maxrss_kb": 72932,
            "ru_stime_sec": 0.092674999999999993,
            "ru_minflt": 20256
        },
        "totalObjSize": 109823,
        "quadSpeed": 84152.371385769089,
        "mop/quad": 2.5162584894011113,
        "outputSizePerQuad": 11.0,
        "CodeGen(%)": 35.980993924287269
    },
    "SIMBData": {
        "out": "amcQwB.o",
        "bytes": 93806
    },
    "LVLData": [
        "SIM"
    ],
    "PrevCompiledModules": {
        "_vcs_unit__722585268": {
            "jpNYC_d": {
                "mod": "_vcs_unit__722585268",
                "bytes": 9761,
                "mode": 4,
                "archive": "archive.3/_prev_archive_1.a",
                "checksum": 0,
                "out": "jpNYC_d.o"
            }
        },
        "Channel_0000": {
            "nYY4r_d": {
                "mod": "Channel_0000",
                "bytes": 71893,
                "mode": 4,
                "archive": "archive.3/_prev_archive_1.a",
                "checksum": 0,
                "out": "nYY4r_d.o"
            }
        },
        "Channel_0001": {
            "BMHPQ_d": {
                "mod": "Channel_0001",
                "bytes": 67963,
                "mode": 4,
                "archive": "archive.3/_prev_archive_1.a",
                "checksum": 0,
                "out": "BMHPQ_d.o"
            }
        },
        "Channel_0003": {
            "r58GN_d": {
                "mod": "Channel_0003",
                "bytes": 65976,
                "mode": 4,
                "archive": "archive.3/_prev_archive_1.a",
                "checksum": 0,
                "out": "r58GN_d.o"
            }
        },
        "copy": {
            "WCktd_d": {
                "mod": "copy",
                "bytes": 13343,
                "mode": 4,
                "archive": "archive.3/_prev_archive_1.a",
                "checksum": 0,
                "out": "WCktd_d.o"
            }
        },
        "data_generator": {
            "w8TC7_d": {
                "mod": "data_generator",
                "bytes": 16017,
                "out": "w8TC7_d.o",
                "mode": 4,
                "archive": "archive.3/_172736_archive_1.a",
                "checksum": 0
            }
        },
        "priority_mux": {
            "jECFW_d": {
                "mod": "priority_mux",
                "bytes": 10794,
                "mode": 4,
                "archive": "archive.3/_prev_archive_1.a",
                "checksum": 0,
                "out": "jECFW_d.o"
            }
        },
        "data_bucket": {
            "p8BW1_d": {
                "mod": "data_bucket",
                "bytes": 9460,
                "mode": 4,
                "archive": "archive.3/_prev_archive_1.a",
                "checksum": 0,
                "out": "p8BW1_d.o"
            }
        },
        "Channel_0002": {
            "kBVPD_d": {
                "mod": "Channel_0002",
                "bytes": 71721,
                "mode": 4,
                "archive": "archive.3/_prev_archive_1.a",
                "checksum": 0,
                "out": "kBVPD_d.o"
            }
        },
        "std": {
            "reYIK_d": {
                "mod": "std",
                "bytes": 41662,
                "mode": 4,
                "archive": "archive.3/_prev_archive_1.a",
                "checksum": 0,
                "out": "reYIK_d.o"
            }
        },
        "Channel_0004": {
            "YYGAb_d": {
                "mod": "Channel_0004",
                "bytes": 71916,
                "mode": 4,
                "archive": "archive.3/_prev_archive_1.a",
                "checksum": 0,
                "out": "YYGAb_d.o"
            }
        },
        "Channel_0005": {
            "i5mzk_d": {
                "mod": "Channel_0005",
                "bytes": 71707,
                "mode": 4,
                "archive": "archive.3/_prev_archive_1.a",
                "checksum": 0,
                "out": "i5mzk_d.o"
            }
        },
        "PE_tb": {
            "cjQsN_d": {
                "mod": "PE_tb",
                "bytes": 101225,
                "out": "cjQsN_d.o",
                "mode": 4,
                "archive": "archive.3/_prev_archive_1.a",
                "checksum": 0
            }
        },
        "data_bucket_0000": {
            "UJu4V_d": {
                "mod": "data_bucket_0000",
                "bytes": 9670,
                "mode": 4,
                "archive": "archive.3/_prev_archive_1.a",
                "checksum": 0,
                "out": "UJu4V_d.o"
            }
        },
        "SystemVerilogCSP": {
            "enAc4_d": {
                "mod": "SystemVerilogCSP",
                "bytes": 7667,
                "mode": 4,
                "archive": "archive.3/_prev_archive_1.a",
                "checksum": 0,
                "out": "enAc4_d.o"
            }
        },
        "...MASTER...": {
            "amcQw_d": {
                "mod": "...MASTER...",
                "bytes": 7884,
                "mode": 4,
                "checksum": 0,
                "out": "objs/amcQw_d.o"
            }
        }
    },
    "NameTable": {
        "_vcs_unit__722585268": [
            "_vcs_unit__722585268",
            "jpNYC",
            "module"
        ],
        "Channel_0000": [
            "Channel_0000",
            "nYY4r",
            "module"
        ],
        "...MASTER...": [
            "SIM",
            "amcQw",
            "module"
        ],
        "SystemVerilogCSP": [
            "SystemVerilogCSP",
            "enAc4",
            "module"
        ],
        "std": [
            "std",
            "reYIK",
            "module"
        ],
        "Channel_0002": [
            "Channel_0002",
            "kBVPD",
            "module"
        ],
        "Channel_0003": [
            "Channel_0003",
            "r58GN",
            "module"
        ],
        "copy": [
            "copy",
            "WCktd",
            "module"
        ],
        "Channel_0001": [
            "Channel_0001",
            "BMHPQ",
            "module"
        ],
        "Channel_0004": [
            "Channel_0004",
            "YYGAb",
            "module"
        ],
        "Channel_0005": [
            "Channel_0005",
            "i5mzk",
            "module"
        ],
        "data_generator": [
            "data_generator",
            "w8TC7",
            "module"
        ],
        "priority_mux": [
            "priority_mux",
            "jECFW",
            "module"
        ],
        "data_bucket": [
            "data_bucket",
            "p8BW1",
            "module"
        ],
        "data_bucket_0000": [
            "data_bucket_0000",
            "UJu4V",
            "module"
        ],